{
  "data": {
    "colNames": [
      "地区",
      "上行PRB平均占用率（%）",
      "下行PRB平均占用率（%）",
      "平均RRC连接用户数",
      "平均激活用户数"
    ],
    "colTypes": [
      "STRING",
      "STRING",
      "STRING",
      "STRING",
      "STRING"
    ],
    "totalCount": 14,
    "rows": [
      {
        "cells": [
          "常州",
          6.19,
          2.51,
          57738,
          1343
        ]
      },
      {
        "cells": [
          "淮安",
          2.44,
          2.6,
          35256,
          4837
        ]
      },
      {
        "cells": [
          "连云港",
          2.49,
          2.74,
          33688,
          4926
        ]
      },
      {
        "cells": [
          "南京",
          6.06,
          2.45,
          109042,
          3080
        ]
      },
      {
        "cells": [
          "南通",
          12.1,
          1.62,
          53453,
          929
        ]
      },
      {
        "cells": [
          "苏州",
          7.61,
          2.59,
          43377,
          4846
        ]
      },
      {
        "cells": [
          "宿迁",
          2.51,
          2.46,
          26145,
          3598
        ]
      },
      {
        "cells": [
          "泰州",
          5.4,
          1.94,
          33131,
          826
        ]
      },
      {
        "cells": [
          "无锡",
          5.19,
          1.68,
          86666,
          1851
        ]
      },
      {
        "cells": [
          "徐州",
          3.44,
          3.64,
          59339,
          7183
        ]
      },
      {
        "cells": [
          "盐城",
          5.91,
          2.07,
          25776,
          767
        ]
      },
      {
        "cells": [
          "扬州",
          2.58,
          3.09,
          48842,
          6537
        ]
      },
      {
        "cells": [
          "镇江",
          5.19,
          2.17,
          29573,
          727
        ]
      },
      {
        "cells": [
          null,
          566293.14,
          259619.14,
          13,
          1
        ]
      }
    ]
  },
  "status": "0",
  "NOT_LOGGEDIN_STATUS": "1"
}