{
  "data": {
    "colNames": [
      "地区",
      "上行PRB平均占用率（%）",
      "下行PRB平均占用率（%）",
      "平均RRC连接用户数",
      "平均激活用户数"
    ],
    "colTypes": [
      "STRING",
      "STRING",
      "STRING",
      "STRING",
      "STRING"
    ],
    "totalCount": 14,
    "rows": [
      {
        "cells": [
          "江苏",
          6.19,
          2.51,
          57738,
          1343
        ]
      }
    ]
  },
  "status": "0",
  "NOT_LOGGEDIN_STATUS": "1"
}